City,Total Nitrogen,Total Phosphurus
"Trondheim, Norway",188.91,59.16
"Stavanger, Norway",171.32,78.08
"Zurich, Switzerland",152.84,74.58
"Oslo, Norway",152.03,57.4
"Geneva, Switzerland",146.24,79.05
"Bern, Switzerland",142.44,57.44
"Lucerne, Switzerland",139.94,72.45
"Perth, Australia",139.63,43.76
"Bergen, Norway",138.79,55.98
"Tokyo, Japan",135.23,95.43
"Sydney, Australia",132.39,86.25
"Adelaide, Australia",129.6,47.3
"Monaco, Monaco",128.15,173.08
"Copenhagen, Denmark",123.82,48.65
"Edinburgh, United Kingdom",122.52,38.21
"Melbourne, Australia",121.53,64.37
"Dublin, Ireland",119.56,48.3
"London, United Kingdom",118.52,87.34
"Arhus, Denmark",115.96,65.9
"Canberra, Australia",115.89,53.55
"Brisbane, Australia",114.7,57.19
"Paris, France",113.88,63.47
"Malmo, Sweden",112.89,38.45
"Toulouse, France",112.28,29.9
"Riyadh, Saudi Arabia",112.03,19.91
"Amsterdam, Netherlands",110.78,64.61
"Darwin, Australia",110.41,56.44
"Auckland, New Zealand",110.36,36.8
"Gent, Belgium",109.27,36.38
"Stockholm, Sweden",109.14,37.75
"Brussels, Belgium",109.1,40.63
"Aberdeen, United Kingdom",109.08,42.04
"Boston, MA, United States",106.8,69.66
"Dusseldorf, Germany",106.51,25.77
"Wellington, New Zealand",106.02,37.02
"Turin, Italy",105.68,40.22
"Rome, Italy",105.6,60.03
"Vancouver, Canada",105.29,60.49
"Edmonton, Canada",105.28,38.95
"Brighton, United Kingdom",104.73,54.42
"Birmingham, United Kingdom",104.57,42.93
"Toronto, Canada",104.53,52.42
"Helsinki, Finland",104.08,56.58
"Venice, Italy",103.56,31.33
"Honolulu, HI, United States",103.46,59.01
"Calgary, Canada",103.38,40.93
"Sao Paolo, Brazil",102.96,35.6
"Tampere, Finland",102.68,30.37
"San Francisco, CA, United States",102.52,90.04
"Cagliari, Italy",101.88,29.29
"Hanover, Germany",101.82,28.11
"Belfast, United Kingdom",101.74,22.58
"Vienna, Austria",101.47,46.87
"Seattle, WA, United States",101.04,48.15
"Strasbourg, France",100.86,32.03
"Florence, Italy",100.43,41.39
"Thessaloniki, Greece",100.39,18.96
"Erlangen, Germany",100.39,33.07
"Hamburg, Germany",100.18,37.35
"Haifa, Israel",100.12,26.52
"Reykjavik, Iceland",100.11,31.82
"New York, NY, United States",100,100
"Leeds, United Kingdom",98.85,34.95
"Phoenix, AZ, United States",98.57,32.76
"Washington, DC, United States",98.19,69.37
"Linkoping, Sweden",98.06,26.92
"Montreal, Canada",97.86,37.57
"Bologna, Italy",97.82,38.03
"Nice, France",96.89,34.95
"Milan, Italy",96.88,49.22
"Winnipeg, Canada",96.64,32.72
"Athens, Greece",96.49,20.82
"Singapore, Singapore",96.08,90.69
"Munich, Germany",95.95,46.08
"Bordeaux, France",95.92,27.63
"Genoa, Italy",95.06,35.04
"Manchester, United Kingdom",94.96,36.44
"Christchurch, New Zealand",94.35,28
"Halifax, Canada",94.3,34.13
"San Jose, CA, United States",94.11,73.36
"Columbus, OH, United States",94.03,20.43
"Stuttgart, Germany",94.01,33.18
"Marbella, Spain",93.95,30.68
"Chania, Greece",93.77,18.01
"Ottawa, Canada",93.76,36.87
"Brasilia, Brazil",93.08,33.99
"Hartford, CT, United States",92.9,47.57
"Indianapolis, IN, United States",92.5,31.99
"Marseille, France",92.13,31.44
"Frankfurt, Germany",92.02,34.75
"Rio De Janeiro, Brazil",91.85,39.61
"Nicosia, Cyprus",91.8,25.66
"London, Canada",91.51,34.41
"Lyon, France",91.14,34.41
"San Diego, CA, United States",91.05,57.88
"Los Angeles, CA, United States",90.87,63.97
"San Juan, Puerto Rico",90.78,31.15
"Cologne, Germany",90.73,29.58
"Minneapolis, MN, United States",90.26,34.78
"Tampa, FL, United States",89.97,32.39
"Sliema, Malta",89.88,26.35
"Berlin, Germany",89.09,35.8
"Waterloo, Canada",89.02,29.71
"Baltimore, MD, United States",88.99,54.12
"Sevilla, Spain",88.96,18.79
"Beirut, Lebanon",88.92,37.05
"Barcelona, Spain",88.82,33.92
"Philadelphia, PA, United States",88.36,58.85
"Hong Kong, Hong Kong",88.13,106.22
"Madrid, Spain",87.93,39.57
"Graz, Austria",87.76,35.14
"Dallas, TX, United States",87.62,38.51
"Nuremberg, Germany",87.54,30.04
"Jerusalem, Israel",87.54,35.97
"Houston, TX, United States",86.97,39.7
"Bilbao, Spain",86.62,37.7
"Leicester, United Kingdom",86.15,27.8
"Campinas, Brazil",85.98,23.7
"Abu Dhabi, United Arab Emirates",85.84,80.82
"Chicago, IL, United States",85.41,49.96
"Saint Louis, MO, United States",84.91,23.22
"Doha, Qatar",84.73,63.5
"Florianopolis, Brazil",83.88,27.46
"Pittsburgh, PA, United States",83.72,22.56
"Montevideo, Uruguay",83.56,26.22
"Dubai, United Arab Emirates",83.39,67.87
"Bremen, Germany",82.85,22.77
"Porto Alegre, Brazil",82.33,23.75
"Cincinnati, OH, United States",82.18,29.11
"Valencia, Spain",81.87,19.6
"Patras, Greece",81.84,17.58
"Curitiba, Brazil",81.1,22.6
"Detroit, MI, United States",79.72,30.54
"Denver, CO, United States",79.39,48.43
"Austin, TX, United States",78.92,45.55
"Portland, OR, United States",77.22,33.8
"Londrina, Brazil",76.68,23.42
"Lisbon, Portugal",76.33,29.49
"Coimbra, Portugal",75.74,15.84
"Split, Croatia",75.6,15.73
"Salvador, Brazil",75.53,19.72
"Casablanca, Morocco",75.49,36.51
"Des Moines, IA, United States",75.45,29.18
"Ljubljana, Slovenia",75.42,28.59
"Maribor, Slovenia",75.17,28.11
"Istanbul, Turkey",74.89,23.21
"Astana, Kazakhstan",74.58,36.29
"Johannesburg, South Africa",74.23,38.34
"Balneario Camboriu, Brazil",74.02,18.98
"Las Vegas, NV, United States",73.98,36
"Manama, Bahrain",71.86,47.24
"Zagreb, Croatia",71.49,21.12
"Baku, Azerbaijan",71.24,41.03
"San Jose, Costa Rica",71.17,25.95
"Riga, Latvia",70.75,15.16
"Seoul, South Korea",70.53,37.1
"Fortaleza, Brazil",70.3,20.94
"Bratislava, Slovakia",69.94,29.17
"Santiago, Chile",69.89,20.62
"Bogota, Colombia",69.5,21.86
"Belo Horizonte, Brazil",69.08,21.66
"Porto, Portugal",69.05,20.32
"Santa Cruz De Tenerife, Spain",68.98,22.67
"Novosibirsk, Russia",67.96,26.92
"Saint Petersburg, Russia",67.58,31.2
"Kaunas, Lithuania",67.44,16.93
"Tallinn, Estonia",66.95,15.82
"Perm, Russia",66.64,18.04
"Budva, Montenegro",66.16,19.29
"Amman, Jordan",65.95,14.51
"Buenos Aires, Argentina",65.93,21.58
"Taipei, Taiwan",65.66,23.16
"Jakarta, Indonesia",64.11,28.25
"Vilnius, Lithuania",63.84,15.58
"Budapest, Hungary",63.41,14.03
"Yerevan, Armenia",63.39,25.89
"Yekaterinburg, Russia",63.22,21.27
"Prague, Czech Republic",62.91,27.59
"Debrecen, Hungary",62.47,12.52
"Tehran, Iran",62.43,30.99
"Brno, Czech Republic",62.35,20.49
"Izmir, Turkey",62.12,14.54
"Podgorica, Montenegro",61.72,17.49
"Medellin, Colombia",61.43,15.28
"Antalya, Turkey",61,10.27
"Kosice, Slovakia",60.86,21.19
"Ankara, Turkey",60.73,14.95
"Kiev, Ukraine",59.87,31.7
"Mexico City, Mexico",59.68,23.22
"Lima, Peru",59.52,19.9
"Osijek, Croatia",59.5,13.07
"Sarajevo, Bosnia And Herzegovina",58.59,13.01
"Cordoba, Argentina",57.81,19.29
"Tula, Russia",57.72,15.46
"Guadalajara, Mexico",57.67,10.28
"Tbilisi, Georgia",57.32,15.77
"Monterrey, Mexico",56.6,23.53
"Belgrade, Serbia",56.21,17.13
"Sofia, Bulgaria",55.62,16.24
"Kuala Lumpur, Malaysia",55.55,17.71
"Damascus, Syria",55.5,14.22
"Johor Baharu, Malaysia",55.32,7.56
"Wroclaw, Poland",54.85,19.34
"Guayaquil, Ecuador",54.76,10.14
"Beijing, China",54.38,28.71
"Shanghai, China",54.2,29.86
"Ulaanbaatar, Mongolia",53.86,24.01
"Quito, Ecuador",53.69,11.66
"Warsaw, Poland",53.64,22.81
"Cairo, Egypt",53.4,17.34
"Poznan, Poland",53.2,13.93
"Novi Sad, Serbia",52.7,10.53
"Iasi, Romania",52.66,13.28
"Bangkok, Thailand",52.61,26.42
"Guangzhou, China",52.44,17.25
"Varna, Bulgaria",52.13,11.51
"Katowice, Poland",51.87,19.49
"Gdansk, Poland",51.64,20.34
"Cluj-napoca, Romania",51.35,10.94
"Bucharest, Romania",50.97,15.28
"Banja Luka, Bosnia And Herzegovina",50.12,11.38
"Brasov, Romania",50.05,9.04
"Constanta, Romania",49.97,14.32
"Timisoara, Romania",49.9,10.66
"Plovdiv, Bulgaria",49.05,10.38
"Quezon City, Philippines",48.83,13.86
"Krakow, Poland",48.63,19.48
"Szczecin, Poland",48.59,12.85
"Hanoi, Vietnam",47.83,40.93
"Chisinau, Moldova",47.81,12.35
"Cebu, Philippines",47.61,8.16
"Minsk, Belarus",47.4,15.41
"Manila, Philippines",47.34,13.47
"Makati, Philippines",47.17,28.45
"Managua, Nicaragua",46.57,11.08
"Skopje, Macedonia",46.51,11.74
"Esfahan, Iran",45.56,19.6
"Nis, Serbia",44.85,11.02
"Lublin, Poland",42.4,13.98
"Gurgaon, India",41.64,12.26
"Ho Chi Minh City, Vietnam",41.09,29.65
"Algiers, Algeria",40.6,13.23
"Lahore, Pakistan",40.09,7.75
"Delhi, India",37.93,12.08
"Davao, Philippines",37.59,11.36
"Mumbai, India",36.62,21.51
"Bangalore, India",34.92,9.8
"Indore, India",34.85,5.75
"Chandigarh, India",33.95,6.98
"Ahmedabad, India",33.12,6.47
"Hyderabad, India",32.67,7.26
"Madurai, India",32.05,5.65
"Kolkata, India",31.97,8.81
"Pune, India",31.9,9.34
"Chennai, India",31.09,9.19
"Kochi, India",31.07,5.28
"Thiruvananthapuram, India",30.3,5.09
"Ludhiana, India",30.2,7.89
